"","superkingdom","kingdom","phylum","class","subclass","order","suborder","family","tribe","genus","species","seq.all","tax.seq.length"
"Taxa_00190","Bacteria","","","","","","","","","","","TACAGAGGTGGCAAGCGTTGTTCGGATTTATTGGGCGTAAAGGGTCCGTAGGCGGCCTGAAAAGTTGGATGTGAAATCCCACAGCTTAACTGTGGAACTGCATTCAAAACTTTCAGGCTCGAGTGTGATAGGGGTAAAGGGAATTCCCGGTGTAAGGGTGAAATCTGCAGAGATCGGGAGGAACACCAGTCGCGAAGGCGCTTTACTGGATCACTACTGACGCTGAGGGACGAAAGCCAGGGGAGCAAACGGG","253"
"Taxa_00433","Bacteria","","","","","","","","","","","TACGTAGGGAGCAAGCGTTGTTCGGAATTATTGGGCGTAAAGAGCGCGTAGGCGGTTCGGTAAGTCTGACGTGAAATCCCAGAGCTTAACTCTGGAACTGCGTTGGATACTGCCGAGCTTGAGTGTGGGAGAGGAGAGTGGAATTCCCAGTGTAGAGGTGAAATTCGTAGATATTGGGAGGAACACCCGTGGCGAAGGCGGCTCTCTGGACCACAACTGACGCTGAGGCGCGAAAGCTAGGGTAGCAAACGGG","253"
"Taxa_00792","Bacteria","","Proteobacteria","Deltaproteobacteria","","","","","","","","TACGGAGGGTGCAAGCGTTGTTCGGAATTACTGGGCGTAAAGCGCGTGTAGGCGGCCTTGCAAGCCAGACGTGAAAGCCCTCGGCTTAACCGGGGAAGTGCGTCTGGAACTGCTCGGCTCGAGTACGGGAGAGGGAGGCGGAATTCCCAGTGTAGAGGTGAAATTCGTAGATATTGGGAGGAACACCGGTGGCGAAAGCGGCCTCCTGGACCGATACTGACGCTGAGACGCGAAAGCGTGGGGAGCAAACAGG","253"
"Taxa_00797","Bacteria","","Verrucomicrobia","Verrucomicrobiae","","Verrucomicrobiales","","","","","","TACAGAGGCCTCAAGCGTTGTTCGGAATCACTGGGCGTAAAGGGTGCGTAGGCGGCGCGGAAAGTCAGGGGTGAAATCCCGGAGCTCAACTCCGGAACTGCCCTTGATACTCCCGCGCTTGAGAACTGGAGGGGACATCGGAATTCACGGTGGAGCAGTGAAATGCGTGGATATCGTGAGGAACACTAGTGGCGAAGGCGGATGTCTGGACAGTATCTGACGCTGAGGCACGAAGGCCAGGGGAGCGAACGGG","253"
"Taxa_00886","Bacteria","","Proteobacteria","Gammaproteobacteria","","","","","","","","TACAGAGGGTGCGAGCGTTAATCGGAATTACTGGGCGTAAAGCGCACGTAGGCGGCTTGGCATGTCGGGTGTGAAATCCCCGGGCTCAACCTGGGAACTGCATCCGAAACTGCCTTGCTAGAGTATGGGAGAGGGAAGCGGAATTTCTGGTGTAGCAGTGAAATGCGTAGATATCAGAAGGAACATCAGTGGCGAAGGCGGCTTCCTGGACCAATACTGACGCTCAGGTGCGAAAGCGTGGGGAGCAAACAGG","253"
"Taxa_00893","Bacteria","","Proteobacteria","Alphaproteobacteria","","Sphingomonadales","","Sphingomonadaceae","","","","TACGGAGGGAGCTAGCGTTGTTCGGAATCACTGGGCGTAAAGCGTGCGTAGGCGGTGACTCAAGTCAGAGGTGAAAGCCTGGAGCTCAACTCCAGAACTGCCTTTGAAACTAGGTCGCTAGAACATCGGAGAGGTGAGTGGAATTCCGAGTGTAGAGGTGAAATTCGTAGATATTCGGAAGAACACCAGTGGCGAAGGCGGCTCACTGGACGATTGTTGACGCTGAGGCACGAAAGCGTGGGGAGCAAACAGG","253"
"Taxa_00917","Bacteria","","Proteobacteria","Alphaproteobacteria","","Sphingomonadales","","Sphingomonadaceae","","","","TACGGAGGGAGCTAGCGTTGTTCGGAATTACTGGGCGTAAAGCGTGCGTAGGCGGTTATTCAAGTCAGAGGTGAAAGCCCGGGGCTCAACCCCGGAACTGCCTTTGAAACTAGATAACTAGAATCTTGGAGAGGTTAGTGGAATTCCGAGTGTAGAGGTGAAATTCGTAGATATTCGGAAGAACACCAGTGGCGAAGGCGACTAACTGGACAAGCATTGACGCTGAGGCACGAAAGCGTGGGGAGCAAACAGG","253"
"Taxa_01004","Bacteria","","Proteobacteria","Betaproteobacteria","","","","","","","","TACGTAGGGTGCGAGCGTTAATCGGAATTACTGGGCGTAAAGCGTGCGCAGGCGGCCACATAAGACAGCTGTGAAAGCCCCGGGCTTAACCTGGGAACTGCGGTTGTGACTGTGTGGCTAGAGTGTGGCAGAGGGGGGTGGAATTCCACGTGTAGCAGTGAAATGCGTAGAGATGTGGAGGAACACCGATGGCGAAGGCAGCCCCCTGGGTCGCCACTGACGCTCATGCACGAAAGCGTGGGGAGCAAACAGG","253"
"Taxa_01142","Bacteria","","Ignavibacteriae","Ignavibacteria","","Ignavibacteriales","","Ignavibacteriaceae","","Ignavibacterium","uncultured Ignavibacterium sp.","TACGTAGGGGGCAAGCGTTGTCCGGATTTACTGGGTGTAAAGGGCGCGCAGGCGGGTTGACAAGTCAGAGGTGAAATCCTACAGCTTAACTGTAGAACTGCCTTTGAGACTGTCAATCTTGAGTACGGAAGAGAGAGATGGAATTCCAGGTGTAGTGGTGAAATACGTAGATATCTGGAAGAACACCAGTGGCGAAGGCGGTCTCTTGGTCCATTACTGACGCTAAGGCGCGAAAGCGTGGGGAGCAAACAGG","253"
"Taxa_01154","Bacteria","","Proteobacteria","Deltaproteobacteria","","","","","","","","TACGGAGGGTGCAAGCGTTGTTCGGAATTATTGGGCGTAAAGCGCGTGTAGGCGGGAAGACAGGTCAGTTGTGAAATCCCTTGGCCTAACCAAGGAACTGCATCTGAAACCATTTTCCTCGAGTACGATAGGGGAGGGCGGAATTCCCAGTGTAGAGGTGAAATTCATAGATATTGGGAGGAACACCAGTGGCGAAGGCGACCCTCTGGATCGATACTGACGCTGAGACGCGAAAGCGTGGGTAGCAAACAGG","253"
"Taxa_01165","Bacteria","","Proteobacteria","Betaproteobacteria","","","","","","","","TACGTAGGGTGCGAGCGTTAATCGGAATTACTGGGCGTAAAGCGTGCGCAGGCGGTTCGTTGTGTTTGCGGTGAAAGCCCCGGGCTCAACCTGGGAATGGCCGTGAAAACTGGCGAGCTGGAGTGTGGCAGAGGGGGGTGGAATTCCAGGTGTAGCAGTGAAATGCGTAGAGATCTGGAGGAACACCGATGGCGAAGGCAGCCCCCTGGGCTGACACTGACGCTCAGGCACGAAAGCGTGGGGAGCAAACAGG","253"
"Taxa_01283","Bacteria","","Bacteroidetes","","","","","","","","","TACGGAGGGTGCAAGCGTTATCCGGATTTACTGGGTTTAAAGGGTGCGTAGGCGGGAAAATAAGTCAGTGGTGAAAGCACCGGGCTCAACTCGGTAACTGCCATTGATACTGTTTTTCTTGAATGCGATTGAGGTAAGCGGAATGTTGCATGTAGCGGTGAAATGCTTAGATATGTTACAGAACACCAATTGTGAAGACAGCTTACTAAGTCGTGATTGACGCTGAGGCACGAAAGCGTGGGGAGCAAACAGG","253"
"Taxa_01686","Bacteria","","Bacteroidetes","Cytophagia","","Cytophagales","","Cytophagaceae","","Ohtaekwangia","uncultured Ohtaekwangia sp.","TACGTAGGTGGCAAGCGTTGTCCGGATTTATTGGGTTTAAAGGGTGCGTAGGCGGCCGCCTAAGTCAGTTGTGAAATACCCCGGCTCAACCGGGGGGGTGCGATTGATACTGGGCGGCTCGAGTAACAGCGAGGTTGGCGGAATTGACGGTGTAGCGGTGAAATGCATAGATATCGTCAAGAACACCGATAGCGAAGGCAGCCAACTAGGGGTTAACTGACGCTGAGGCACGAAAGTGCGGGGATCAAACAGG","253"
"",NA,NA,NA,NA,NA,NA,NA,NA,NA,NA,NA,NA,NA
"Taxa_00612","Bacteria","","Bacteroidetes","Flavobacteriia","","Flavobacteriales","","Flavobacteriaceae","","Flavobacterium","","TACGGAGGATCCAAGCGTTATCCGGAATCATTGGGTTTAAAGGGTCCGTAGGCGGTTTAATAAGTCAGTGGTGAAATCTGGTCGCTCAACGATCAAACGGCCATTGATACTGTTAGACTTGAATTATTAGGAAGTAACTAGAATATGTAGTGTAGCGGTGAAATGCTTAGATATTACATGGAATACCAATTGCGAAGGCAGGTTACTACTAATGGATTGACGCTGATGGACGAAAGCGTGGGGAGCGAACAGG","253"
"Taxa_00892","Bacteria","","Planctomycetes","Phycisphaerae","","Phycisphaerales","","Phycisphaeraceae","","Phycisphaera","uncultured Phycisphaera sp.","TACAGAGGGTGCGAGCGTTAATCGGAATTACTGGGCTTAAAGGGTCCGTAGGCTGGGCTGTAGGCGTCGAGTGAAATACCACGGCTCAACCGTGGAACTGCTCGGCGAACCACAGCTCTTGAGGCGAGCAGAGGCGATCAGAACGATAGGTGGAGCGGTGAAATGCGTAGATATCTATCGGAATGCCGAAGGTGAAGACAGGTCGCTGGGCTCGTCCTGACGCTGAGGGACGAAAGCGTGGGGAGCAAACGGG","253"
"Taxa_00960","Bacteria","","Bacteroidetes","Cytophagia","","Cytophagales","","Cytophagaceae","","","","TACGTAGGTGGCGAGCGTTATCCGGATTTATTGGGTTTAAAGGGTGCGTAGGCGGCTTAATAAGTCGGTGGTTAAAAGTAGCAGCTTAACTGTTTTACATGCCATCGATACTGTTTAGCTTGAGATATTTGGAGGCAGCTAGAATTTCCGGTGTAGCGGTGAAATGCTTAGATACCGGAAGGAATACCAATTGCGAAGGCAGGTTGCTACGAATAAACTGACGCTGATGCACGAAAGCGTGGGGATCAAACAGG","254"
"Taxa_00977","Bacteria","","Bacteroidetes","","","","","","","","","TACGGAGGATGCAAGCGTTATCCGGATTCATTGGGTTTAAAGGGTGCGCAGGCGGAATAATAAGTCAGCGGTGAAAGCCTACAGCTTAACTGTAGAACTGCCATTGATACTGTTATTCTTGAGTGTTGTTGAGGTAGGCGGAATGTGTCATGTAGCGGTGAAATGCTTAGATATGACACAGAACACCGATCGCGAAGGCAGCTTACCAAGCAACAACTGACGCTCATGCACGAAAGCGTGGGGATCAAACAGG","253"
"Taxa_01096","Bacteria","","Proteobacteria","Alphaproteobacteria","","","","","","","","TACGAAGGGTGCTAGCGTTGTTCGGAATGACTGGGCGTAAAGGGTGCGTAGGCGGTAAGATGCGTCTGATGTGAAATCCCTGGGCTTAACCTAGGAACTGCATTGGATACGGTCTTACTAGAGTCCGCGAGAGGAAGATGGAATTGTGCGTGTAGAGGTGAAATTCGTAGATATGCACAAGAACACCGGTGGCGAAGGCGATCTTCTGGAGCGGTACTGACGCTAAGGCACGAAAGCGTGGGGAGCAAACAGG","253"
"",NA,NA,NA,NA,NA,NA,NA,NA,NA,NA,NA,NA,NA
"Taxa_00327","Bacteria","","","","","","","","","","","TACAGAGGGTGCAAGCGTTAATCGGATTTACTGGGCGTAAAGCGCGCGTAGGTGGCCAATTAAGTCAAATGTGAAATCCCCGAGCTTAACTTGGGAATTGCATTCGATACTGGTTGGCTAGAGTATGGGAGAGGATGGTAGAATTCCAGGTGTAGCGGTGAAATGCGTAGAGATCTGGAGGAATACCGATGGCGAAGGCAGCCATCTGGCCTAATACTGACACTGAGGTGCGAAAGCATGGGGAGCAAACAGG","253"
"Taxa_00528","Bacteria","","Proteobacteria","Oligoflexia","","Bdellovibrionales","","Bdellovibrionaceae","","Bdellovibrio","uncultured Bdellovibrio sp.","TACGTAGGTGACTAGCGTTGTCCGGATTTACTGGGCGTAAAGAGCGCGCAGGCGGTCGTTCAAGTCGAGTGTGAAAGCCCCCGGCTCAACTGGGGAGGGTCATTCGATACTGATCGACTCGAAGGCAGGAGAGGGAAGCGGAATTCCCGGTGTAGTGGTGAAATGCGTAGATATCGGGAGGAACACCAGTGGCGAAGGCGGCTTCCTGGCCTGTTCTTGACGCTGAGGCGCGAAAGCTAGGGGAGCAAACGGG","253"
"Taxa_00785","Bacteria","","Actinobacteria","Acidimicrobiia","","Acidimicrobiales","","Acidimicrobiaceae","","Ilumatobacter","uncultured Ilumatobacter sp.","TACATAGGCACCAAGCGTTGTCCGGATTTATTGGGCGTAAAGAGCTCGTAGGCGGTTCAGTCAGTCGGGTGTGAAAACTCTGGGCTTAACCCAGAGCCTGCACCCGATACTGCTGTGACTAGAGTTCGGTAGGGGAGCGGGGAATTCCTGGTGTAGCGGTGAAATGCGCAGATATCAGGAGGAACACCGATGGCGAAGGCACCGCTCTGGGCCGAAACTGACGCTGAGGAGCGAAAGCATGGGTAGCAAACAGG","254"
"",NA,NA,NA,NA,NA,NA,NA,NA,NA,NA,NA,NA,NA
"",NA,NA,NA,NA,NA,NA,NA,NA,NA,NA,NA,NA,NA
"Taxa_00202","Bacteria","","Proteobacteria","Betaproteobacteria","","Burkholderiales","","","","","","TACGTAGGGTGCAAGCGTTAATCGGAATTACTGGGCGTAAAGCGTGCGCAGGCGGCTTTGCAAGACAGATGTGAAATCCCCGGGCTCAACCTGGGAACTGCATTTGTGACTGCATGGCTAGAGTACGGTAGAGGGGGATGGAATTCCGCGTGTAGCAGTGAAATGCGTAGATATGCGGAGGAACACCGATGGCGAAGGCAATCCCCTGGACCTGTACTGACGCTCATGCACGAAAGCGTGGGGAGCAAACAGG","253"
"Taxa_00390","Bacteria","","Proteobacteria","Gammaproteobacteria","","Pseudomonadales","","Pseudomonadaceae","","Pseudomonas","","TACAGAGGGTGCAAGCGTTAATCGGAATTACTGGGCGTAAAGCGCGCGTAGGTGGTTCGTTAAGTTGAATGTGAAATCCCCGGGCTCAACCTGGGAACTGCATCCAAAACTGGCGAGCTAGAGTATGGTAGAGGGTGGTGGAATTTCCTGTGTAGCGGTGAAATGCGTAGATATAGGAAGGAACACCAGTGGCGAAGGCGACCACCTGGACTGATACTGACACTGAGGTGCGAAAGCGTGGGGAGCAAACAGG","253"
"Taxa_00500","Bacteria","","Chloroflexi","","","","","","","","","TACGTAGGTGGCAAACGTTGTCCGGATTCACTGGGCGTAAAGCGCGCGCAGGCGGATTGGTCAGTCTGGGGTGAAATCTCTCGGCTCAACTGAGAGAGGTCCCTGGATACTGCCAGTCTTGAGGGGCTCAGAGGAGAGTGGAATTCCGCGTGTAGTGGTGGAATGCGTAGATACGCGGAGGAACACCAGTGGCGAAAGCGGCTCTCTGGGGGCCACCTGACGCTGAGGCGCGAAAGCGTGGGGAGCGAACCGG","253"
"Taxa_00536","Bacteria","","Proteobacteria","Alphaproteobacteria","","Sphingomonadales","","Sphingomonadaceae","","","","TACGGAGGGAGCTAGCGTTGTTCGGAATTACTGGGCGTAAAGCGCACGTAGGCGGTTACTCAAGTCAGAGGTGAAAGCCCGGGGCTCAACCCCGGAACTGCCTTTGAAACTAGGTAACTAGAATCTTGGAGAGGTCAGTGGAATTCCGAGTGTAGAGGTGAAATTCGTAGATATTCGGAAGAACACCAGTGGCGAAGGCGACTGACTGGACAAGTATTGACGCTGAGGTGCGAAAGCGTGGGGAGCAAACAGG","253"
"Taxa_00566","Bacteria","","Proteobacteria","Alphaproteobacteria","","Sphingomonadales","","Sphingomonadaceae","","","","TACGGAGGGGGCTAGCGTTGTTCGGAATTACTGGGCGTAAAGCGTGCGTAGGCGGTGACTCAAGTCAGAGGTGAAAGCCTGGAGCTCAACTCCAGAACTGCCTTTGAAACTAGGTCGCTAGAATCGTGGAGAGGTGAGTGGAATTCCGAGTGTAGAGGTGAAATTCGTAGATATTCGGAAGAACACCAGTGGCGAAGGCGGCTCACTGGACACGTATTGACGCTGAGGTACGAAAGCGTGGGGAGCAAACAGG","253"
"Taxa_00622","Bacteria","","","","","","","","","","","TACGGAGGGTGCAAGCGTTATCCGGATTCACTGGGTTTAAAGGGTGCGTAGGCGGGTAGGTAAGTCAGTGGTGAAATCCTAGAGCTTAACTCTAGAACTGCCATTGATACTATTTATCTTGAATATTGTGGAGGTAAGCGGAATATGTCATGTAGCGGTGAAATGCTTAGATATGACATAGAACACCTATTGCGAAGGCAGCTTACTACGCATATATTGACGCTGAGGCACGAAAGCGTGGGGATCAAACAGG","253"
"Taxa_00627","Archaea","","Crenarchaeota","Thermoprotei","","Fervidicoccales","","Fervidicoccaceae","","Fervidicoccus","uncultured Fervidicoccus sp.","TACCAGCTCCTCGAGTGGTCGGGACGATTATTGGGCCTAAAGCACCCGTAGCCGGTTCAGTGAGTCCTCTGTCAAATCCAACCGCTCAACGGTTGGGCCGCAGGGGATACTGCTGGACTAGGAGGCGGGAGAGGCGGACGGTATTCCGCGTGTAGGGGTAAAATCCTTTGATCCGCGGAGGACCACCAGTGGCGAAGGCGGTCTGCCAGAACGCGCTCGACGGTGAGGGGTGAAAGCTGGGGGAGCGAACCGG","253"
"Taxa_00639","Bacteria","","Proteobacteria","Alphaproteobacteria","","","","","","","","TACGAAGGGGGCTAGCGTTGCTCGGAATTACTGGGCGTAAAGGGAGCGTAGGCGGGTTATCAAGTTGGAGGTGAAAGCCCAGGGCTCAACCTTGGAATTGCCTTCAAAACTGATAGCCTAGAGTATGATAGAGGTATGTGGAACTCCGAGTGTAGAGGTGAAATTCGTAGATATTCGGAAGAACACCAGTGGCGAAGGCGACATACTGGGTCATGACTGACGCTGAGGCTCGAAAGCGTGGGGAGCAAACAGG","253"
"Taxa_00672","Bacteria","","Bacteroidetes","Flavobacteriia","","Flavobacteriales","","Flavobacteriaceae","","Flavobacterium","","TACGGAGGATCCAAGCGTTATCCGGAATCATTGGGTTTAAAGGGTCCGTAGGCGGGCTAGTAAGTCAGTGGTGAAATCTCCCGGCTCAACCGGGAAATGGCCATTGATACTGCTAGTCTTGAATTATTAGGAAGTAACTAGAATATGTAGTGTAGCGGTGAAATGCTTAGAGATTACATGGAATACCAATTGCGAAGGCAGGTTACTACTAATGGATTGACGCTGATGGACGAAAGCGTGGGTAGCGAACAGG","253"
"Taxa_00811","Bacteria","","","","","","","","","","","TACGGAGGATCCAAGCGTTATCCGGAATCATTGGGTTTAAAGGGTCCGTAGGCGGTTTAATAAGTCAGTGGTGAAAGCCCATCGCTCAACGGTGGAACGGCCATTGATACTGTTAGACTTGAATTATTTGGAAGTAACTAGAATATGTAGTGTAGCGGTGAAATGCTTAGATATTACATGGAATACCAATTGCGAAGGCAGGTTACTACAAATGGATTGACGCTGATGGACGAAAGCGTGGGTAGCGAACAGG","253"
"Taxa_00864","Bacteria","","Nitrospirae","Nitrospira","","Nitrospirales","","Nitrospiraceae","","Nitrospira","uncultured Nitrospira sp.","GACAGAGGTGGCAAGCGTTGTCCGGAATTACTGGGCGTAAAGCGCGCGTAGGCGGCTAGATAAGTCCGGTGTGAAATCCCACGGCTTAACCGGGGAACGGCACCGGTGACTGTTTAGCTTGAGGACGGGAGAGGAGAGCGGAATTCCCGGTGTAGCGGTGAAATGCGTAGAGATCGGGAGGAAGGCCGGTGGCGAAGGCGGCTCTCTAGAACGTCCCTGACGCTGAGGCGCGAAAGCGTGGGGAGCAAACAGG","253"
"Taxa_01832","Bacteria","","","","","","","","","","","TACAGAGGTGGCAAGCGTTGTCCGGATTTACTGGGTGTAAAGGGCTGGTAGGCGGTGATGCAAGTCCCGCGTGAAATGCTGAGGCTCAACCTCAGCGCTGCGCTGGAAACTGCGTCACTCGAGTGTGGGAGAGGAAGGCGGAATTTCCAGTGTAGCGGTGAAATGCGTAGATACTGGAAGGAACACCAGCGGCGAAAGCGGCCTTCTGGACCAACACTGACGCTGAGCAGCGAAAGCTAGGGGAGCAAACGGG","253"
"Taxa_03037","Bacteria","","","","","","","","","","","TACGTAGGGGGCGAGCGTTATCCGGATTTACTGGGCGTAAAGAGCGCGTAGGCGGCTTCTTAAGTTGGCAGTGAAAGATTCCGGCTCAACTGGGATTCGTCTGTCAATACTGAAGAGCTTGAGGGCACCAGAGGAAAGTGGAACTCGCGGTGTAGCGGTGAAATGTGTAGATATCGCGAGGAACACCAGTGGCGAAGGCGGCTTTCTGGGGTGTTCCTGACGCTGAGGCGCGAAAGCGTGGGGAGCGAAGCGG","253"
"",NA,NA,NA,NA,NA,NA,NA,NA,NA,NA,NA,NA,NA
"Taxa_00109","Bacteria","","Proteobacteria","Betaproteobacteria","","Burkholderiales","","","","","","TACGTAGGGTGCAAGCGTTAATCGGAATTACTGGGCGTAAAGCGTGCGCAGGCGGCTTTGCAAGACAGATGTGAAATCCCCGGGCTCAACCTGGGAACTGCATTTGTGACTGCAAGGCTAGAGTACGGTAGAGGGGGATGGAATTCCGCGTGTAGCAGTGAAATGCGTAGATATGCGGAGGAACACCGATGGCGAAGGCAATCCCCTGGACCTGTACTGACGCTCATGCACGAAAGCGTGGGGAGCAAACAGG","253"
"Taxa_00363","Bacteria","","","","","","","","","","","TACGTAGGGTGCAAGCGTTAATCGGAATTACTGGGCGTAAAGCGTGCGCAGGCGGTTGTGCAAGACAGATGTGAAATCCCCGGGCTCAACCTGGGAACTGCATTTGTGACTGCACAGCTGGAGTGCGGCAGAGGGGGATGGAATTCCGCGTGTAGCAGTGAAATGCGTAGATATGCGGAGGAACACCGATGGCGAAGGCAATCCCCTGGGCCTGCACTGACGCTCATGCACGAAAGCGTGGGGAGCAAACAGG","253"
"Taxa_00408","Bacteria","","Bacteroidetes","","","","","","","","","TACAGAGGGTGCAAGCGTTATCCGGATTTACTGGGTTTAAAGGGTGCGTAGGCGGTCTTTTAAGTCAGTGGTGAAAGCTCGTCGCTTAACGACGGAATTGCCATTGAAACTGAAGGACTTGAGATACAGTGAGGTTGGCGGAATGAGACATGTAGCGGTGAAATGCATAGAGATGTCTTAGAACACCAATTGCGAAGGCAGCTGACTGGCTGTTATCTGACGCTGAGGCACGAAAGCGTGGGGATCAAACAGG","253"
"Taxa_00540","Bacteria","","","","","","","","","","","TACGTAGGTGGCAAGCGTTACTCGGAATCACTAGGCGTAAAGCGCAGGTAGGCGGTTTGATAAGTCTGTTGTGAAAGCTCCCGGCTTAACTGGGAGAGGCCAACGGAAACTGTCAGGCTAGAGTGTGGTAGAGGAAGATGGAATTCCCGGTGTAGCGGTGAAATGCGTAGATATCGGGAGGAATACCTATGGCGAAAGCAGTCTTCTGGACCATCACTGACGCTGATCTGCGAAAGCTAGGGGAGCAAACAGG","253"
"Taxa_00557","Bacteria","","Proteobacteria","","","","","","","","","TACGTAGGGTGCGAGCGTTAATCGGAATTACTGGGCGTAAAGCGTGCGCAGGTGGTTTCGTAAGTCAGATGTGAAATCCCCGGGCTTAACCTGGGAATGGCATTTGAGACTGCGAAGCTAGAGTACGGCAGAGGGAGGTGGAATTCCACGTGTAGCAGTGAAATGCGTAGATATGTGGAGGAACACCGATGGCGAAGGCAGCCTCCTGGGCCAGTACTGACGCTCATGCACGAAAGCGTGGGGAGCAAACAGG","253"
"Taxa_00708","Bacteria","","Proteobacteria","Deltaproteobacteria","","Myxococcales","Sorangiineae","","","","","GACAGAGGGTGCAAACGTTGTTCGGAATTACTGGGCGTAAAGCGAGTGTAGGCGGTTCGGTAAGTCGGATGTGAAAGCCCCGGGCTCAACCCGGGAAGTGCACTCGATACTGCCGAGCTAGAGTATCGGAGAGGTTGGTGGAATTCTCGGTGTAGAGGTGAAATTCGTAGATATCGAGAGGAACACCGGTGGCGAAGGCGGCCAACTGGACGAATACTGACGCTGAGACTCGAAAGCGTGGGGAGCAAACAGG","253"
"Taxa_00712","Bacteria","","Proteobacteria","Oligoflexia","","Bdellovibrionales","","Bdellovibrionaceae","","Bdellovibrio","uncultured Bdellovibrio sp.","GACGAGGGATCCAAGCGTTGTTCGGAATTATTGGGCGTAAAGCGGGTGCATGTGGCTCTGTAAGTCAGGTGTGAAATCCCAGGGCTCAACCCTGGAAGTGCATTTGATACTGCAGAGCTTGAGTGCTGGAGAGGTAAGTAGAATACCTAGTGTAGTGGTGAAATACGTAGATATTAGGTGGAATACCGGAGGCGAAGGCGGCTTACTGGCCAGACACTGACACTCAGACCCGAAAGCGTGGGGATCAAACAGG","253"
"Taxa_00822","Bacteria","","","","","","","","","","","GACAGAGGGGGCAAGCGTTGCTCGGAATTACTGGGCGTAAAGGGCGCGTAGGCGGGATGGCAAGTCGGTCGTGAAATCCTTCGGCTCAACCGAAGAACGTCGGCCGATACTGCCGTTCTTGAGGGATGCAGAGGAGACTGGAATTCCCGGTGTAGCGGTGAAATGTGTAGAGATCGGGAGGAACACCGGTGGCGAAGGCGGGTCTCTGGGCATCTCCTGACGCTGAGGCGCGAAAGCGTGGGGAGCAAACGGG","253"
"Taxa_00856","Bacteria","","Firmicutes","Bacilli","","Lactobacillales","","Lactobacillaceae","","Lactobacillus","uncultured Lactobacillus sp.","TACGTAGGTGGCAAGCGTTGTCCGGATTTATTGGGCGTAAAGAGCGCGCAGGCGGTTTGTTAAGTCCGAGGTGAAATCTCCCGGCTCAACTGGGAGGGGTCTTCGGATACTGGCCGACTTGAGGAGAGCAGAGGTGAGTGGAATTCTCGGTGTAGTGGTGAAATGCGTAGATATCGAGAGGAACACCAGCGGCGAAGGCGGCTCACTGGGCTCCACCTGACGCTGAGGCGCGAAAGCGTGGGGAGCGAACCGG","253"
"Taxa_00919","Bacteria","","","","","","","","","","","TACGGAGGATCCAAGCGTTATCCGGAATTACTGGGCGTAAAGAGTTGCGTAGGTGGCATAGTAAGTTGGTAGTGAAAGCGTGCGGCTCAACCGCATAAACATTATCAAAACTACTAAGCTTGAGTATGGGAGAGGTAGATGGAATTTCTAGTGTAGGAGTGAAATCCGTAGATATTAGAAGGAACACCGATGGCGTAGGCAGTCTACTGGCCCATTACTGACACTAAGGCACGAAAGCGTGGGGAGCGAACGGG","254"
"Taxa_00966","Bacteria","","Proteobacteria","","","","","","","","","TACGTAGGGTGCGAGCGTTAATCGGAATTACTGGGCGTAAAGCGTGCGCAGGTGGTTATGTAAGCCAGATGTGAAATCCCCGGGCTTAACCTGGGAATGGCATTTGGGACTGCATGGCTAGAGTGTGGCAGAGGGGGGTGGAATTCCACGTGTAGCAGTGAAATGCGTAGAGATGTGGAGGAACACCGATGGCGAAGGCAGCCCCCTGGGCTAACACTGACACTCATGCACGAAAGCGTGGGGAGCAAACAGG","253"
"Taxa_01066","Bacteria","","","","","","","","","","","GACAGAGGGTGCGAACGTTGCTCGGAATTACTGGGCGTAAAGCGCGTGTAGGCGGGTAGGTAAGTCAGATGTGAAATCCCTGGGCTTAACTTAGGAATTGCATTTGATACTGCCAATCTAGAGTGGTGGAGAGGGAAGTGGAATTCCTGGTGTAGAAGTGAAATTCGTAGATATCAGGAGGAACACCTGTGGCGAAGGCGGCTTCCTGGACACCGACTGACGCTGAGACGCGAAAGCGTGGGGAGCAAACAGG","253"
"Taxa_01954","Bacteria","","Nitrospirae","Nitrospira","","Nitrospirales","","Nitrospiraceae","","","","GACAGAGGTGGCGAGCGTTGTTCGGAATTACTGGGCTTAAAGGGCGAGTAGGCGGTAAGGCAAGTCTGAGGTGGAATCCTATGGCTTAACCATAGAACGGCCTCGGAAACTGTTTTACTTGAGTCAGTGAGGGGAGGGCGGAATTCCTGGTGTAGCGGTGAAATGCGTAGATATCAGGAGGAAGGCCTGTGGCGAAGGCGGCCCTCTGGCGCTGAACTGACGCTGAGGCGCGAAAGCGTGGGGAGCAAACAGG","253"
"",NA,NA,NA,NA,NA,NA,NA,NA,NA,NA,NA,NA,NA
"Taxa_01184","Bacteria","","Proteobacteria","","","","","","","","","TACGAAGGGGGCTAGCGTTGTTCGGAATTACTGGGCGTAAAGGGCGCGTAGGCGGTCTGTTGCGTTGGGTGTGAAAGCCCTGGGCTCAACCCGGGATGTGCGCCTGATACGGACAGGCTTGAGGACGGAAGAGGAGAGTGGAATTCCCAGTGTAGAGGTGAAATTCGTAGATATTGGGAAGAACACCGGTGGCGAAGGCGGCTCTCTGGACCGTTTCTGACGCTGAGGCGCGAAAGCGTGGGGAGCAAACAGG","253"
"",NA,NA,NA,NA,NA,NA,NA,NA,NA,NA,NA,NA,NA
"",NA,NA,NA,NA,NA,NA,NA,NA,NA,NA,NA,NA,NA
"Taxa_00576","Bacteria","","Proteobacteria","Epsilonproteobacteria","","Campylobacterales","","Helicobacteraceae","","Sulfuricurvum","","TACGGAGGGTGCAAGCGTTACTCGGAATCACTGGGCGTAAAGGGTGCGTAGGCTGGCTTCTAAGTCAGATGTGAAATCCAATGGCTCAACCATTGAACTGCATTTGAAACTGGGAGCCTAGAGTTCAGAAGGGGCAGATGGAATTAGTGGTGTAGGGGTAAAATCCGTAGATATCACTAGGAATATCAAAAGCGAAGGCGATCTGCTGGGATGATACTGACGCTGAGGCACGAAAGCGTGGGGAGCAAACAGG","253"
"Taxa_00584","Bacteria","","","","","","","","","","","TACGGAGGATCCAAGCGTTATCCGGAATCATTGGGTTTAAAGGGTCCGTAGGCGGTTTGATAAGTCAGTGGTGAAAGCCCATCGCTCAACGATGGAACGGCCATTGATACTGTCAGACTTGAATTACTGGGAAGTAACTAGAATATGTAGTGTAGCGGTGAAATGCTTAGATATTACATGGAATACCAATTGCGAAGGCAGGTTACTACCAGTGGATTGACGCTGATGGACGAAAGCGTGGGGAGCGAACAGG","253"
"Taxa_00610","Bacteria","","Bacteroidetes","Bacteroidia","","Marinilabiliales","","","","","","TACGGAGGATGCAAGCGTTATCCGGATTCATTGGGTTTAAAGGGTGCGCAGGTGGGAATGTAAGTCAGTGGTGAAATACTGCCGCTTAACGGTAGAGCTGCCATTGATACTGCGTTTCTTGAGTATGGTTGAGGTAGGTGGAATGTGTTGTGTAGCGGTGAAATGCATAGATATGACACAGAACGCCGATTGCGAAGGCAACTTACTAAGCCATTACTGACGCTGAGGCACGAAAGCGTGGGTAGCGAACAGG","253"
"Taxa_00690","Bacteria","","Proteobacteria","Epsilonproteobacteria","","Campylobacterales","","Campylobacteraceae","","Arcobacter","","TACGGAGGGTGCAAGCGTTACTCGGAATCACTGGGCGTAAAGAGCGTGTAGGCGGGTGTATAAGTCAGAAGTGAAATCCAATAGCTTAACTATTGAACTGCTTTTGAAACTGTATACCTAGAATGTGGGAGAGGTAGATGGAATTTCTGGTGTAGGGGTAAAATCCGTAGAGATCAGAAGGAATACCGATTGCGAAGGCGATCTACTGGAACATTATTGACGCTGAGACGCGAAAGCGTGGGGAGCAAACAGG","253"
"Taxa_00705","Bacteria","","Proteobacteria","Gammaproteobacteria","","","","","","","","TACGAAGGGTGCGAGCGTTAATCGGAATTACTGGGCGTAAAGCGCGCGTAGGTGGTTTGGTAAGCGATATGTGAAATCCCCGGGCTTAACCTGGGAACTGCATGTCGAACTGCCAGGCTAGAGTATGGTAGAGGGGTGTGGAATTTCCTGTGTAGCGGTGAAATGCGTAGATATAGGAAGGAACATCAGTGGCGAAGGCGACACCCTGGACCGATACTGACACTGAGGCGCGAAAGCGTGGGTAGCGAACAGG","253"
"Taxa_00737","Bacteria","","","","","","","","","","","TACGGGGGTGGCGAGCGTTACTCGGATTCATTGGGTGTAAAGGGCAGGTAGGCGTCCTAATAAGTTTCAGGTGAAATCCTTTGGCTCAACCAAAGAACTGCCTGAAAAACTGTTAGGATTGAGGTTAGGAGAGGAGAGTGGAATTCCCGGTGTAAGAGTGAAATCTGTAGATATCGGGAGGAACACCAGTGGCGAAGGCGGCTCTCTGGCCTGACTCTGACGCTGAACTGCGAAAGCTTGGGTAGCAAACAGG","253"
"Taxa_00782","Bacteria","","Proteobacteria","Betaproteobacteria","","Burkholderiales","","","","","","TACGTAGGGTGCAAGCGTTAATCGGAATTACTGGGCGTAAAGCGTGCGCAGGCGGTGATGTAAGACAGAGGTGAAATCCCCGGGCTCAACCTGGGAACTGCCTTTGTGACTGCATCGCTGGAGTACGGCAGAGGGGGATGGAATTCCGCGTGTAGCAGTGAAATGCGTAGATATGCGGAGGAACACCGATGGCGAAGGCAATCCCCTGGGCCTGTACTGACGCTCATGCACGAAAGCGTGGGGAGCAAACAGG","253"
"Taxa_00880","Bacteria","","Proteobacteria","Deltaproteobacteria","","Syntrophobacterales","","Syntrophaceae","","Syntrophus","uncultured Syntrophus sp.","TACGGGGGGTGCAAGCGTTGTTCGGAATTATTGGGCGTAAAGAGCGTGTAGGCGGCTTGATAAGTCAGATGTGAAAGCCCTGGGCTTAACCCAGGAAGTGCATTTGAAACTGTCTCGCTAGAGTAAGGGAGGGGGAAGTGGAATTCCTGGTGTAGAGGTGGAATTCGTAGATATCAGGAGGAACACCGGTGGCGAAGGCGACTTCCTGGCCCTATACTGACGCTGAGACGCGAGAGCGTGGGTAGCAAACAGG","253"
"Taxa_00912","Bacteria","","Fusobacteria","Fusobacteriia","","Fusobacteriales","","Fusobacteriaceae","","Cetobacterium","uncultured Cetobacterium sp.","TACATATGTCGCAAGCGTTATCCGGATTTATTGGGCGTAAAGCGCGTCTAGGCGGTTTACTAAGTCTGATGTGAAAATGCGGGGCTCAACTCCGTATTGCGTTGGAAACTGGTAGACTAGAGTACTGGAGAGGTGGGCGGAACTACAAGTGTAGAGGTGGAATTCGTAGATATTTGTAGGAATGCCGATGGAGAAGTCAGCTCACTGGACAGATACTGACGCTAAAGCGCGAAAGCGTGGGGAGCAAACAGG","252"
"Taxa_00925","Bacteria","","Proteobacteria","Alphaproteobacteria","","Caulobacterales","","Caulobacteraceae","","","","TACGAAGGGGGCTAGCGTTGCTCGGAATTACTGGGCGTAAAGGGAGCGTAGGCGGATAGTTTAGTCAGAGGTGAAAGCCCAGGGCTCAACCTTGGAATTGCCTTTGATACTGGCTATCTTGAGTATGGGAGAGGTTAGCGGAACTCCGAGTGTAGAGGTGAAATTCGTAGATATTCGGAAGAACACCAGTGGCGAAGGCGGCTAACTGGCCCATTACTGACGCTGAGGCTCGAAAGCGTGGGGAGCAAACAGG","253"
"Taxa_01042","Bacteria","","Proteobacteria","Oligoflexia","","Bdellovibrionales","","Bdellovibrionaceae","","Bdellovibrio","uncultured Bdellovibrio sp.","GACGAGGGACCCTAGCGTTGTTCGGAATCATTGGGCGTAAAGCGGGTGTAGGTGGCTTTGTAAGTCAGGTGTGAAATCCCAGGGCTCAACCCTGGAAGTGCATTTGATACTGCGAAGCTTGAGTGCTGGAGAGGCTACTAGAATTCCAGGTGTAGTGGTGAAATACGTAGATATCTGGAGGAATACCGGAGGCGAAGGCGGGTAGCTGGCCAGACACTGACACTCAGACCCGAAAGTGCGGGGATCAAACAGG","253"
"Taxa_01091","Bacteria","","Verrucomicrobia","Verrucomicrobiae","","Verrucomicrobiales","","Verrucomicrobiaceae","","","","TACGAAGGTCCCAAGCGTTATTCGGAATCACTGGGCGTAAAGGGTGCGTAGGTGGCGTGGATAGTCAGATGTGAAAGCCCCGGGCTCAACCTGGGAACTGCATCCGATACTCCCACGCTAGAGGATTGGAGAGGAGTCTGGAATTCACGGTGTAGCAGTGAAATGCGTAGATATCGTGAGGAACACTCGTGGCGAAAGCGAGACTCTGGACAATTCCTGACACTGATGCACGAAGGCCGGGGGAGCGAACAGG","253"
"Taxa_01093","Bacteria","","Proteobacteria","Betaproteobacteria","","Rhodocyclales","","Azonexaceae","","Dechloromonas","","TACGTAGGGTGCGAGCGTTAATCGGAATTACTGGGCGTAAAGCGTGCGCAGGCGGTTTCGTAAGACAGAGGTGAAATCCCCGGGCTCAACCTGGGAACTGCCTTTGTGACTGCGAAGCTAGAGTACGGCAGAGGGGGGTGGAATTCCACGTGTAGCAGTGAAATGCGTAGAGATGTGGAGGAACACCAATGGCGAAGGCAGCCCCCTGGGTCGATACTGACGCTCATGCACGAAAGCGTGGGTAGCAAACAGG","253"
"Taxa_01174","Bacteria","","Proteobacteria","Deltaproteobacteria","","Myxococcales","","","","","","GACAGAGGGTGCAAACGTTGCTCGGAATCACTGGGCGTAAAGGGCGTGTAGGCGGGAATGTAAGTCGGGCGTGAAATCCCTAGGCTCAACCTAGGAACTGCACTCGAAACTGCGTTTCTTGAGTACTGGAGAGGAAAGCGGAATACCTGGTGTAGAGGTGAAATTCGTAGATATCAGGTGGAACACCGGTGGCGAAGGCGGCTTTCTGGACAGTAACTGACGCTGAGACGCGAAAGCGTGGGGAGCAAACAGG","253"
"Taxa_01280","Archaea","","Thaumarchaeota","","","","","","","Candidatus Nitrosotenuis","","AACCAGCACCTCGAGTGGTCAGGAGGTTTATTGGGCCTAAAGCATCCGTAGCCGGTTGCATAAGTTTTCGGTTAAATCTATGCGCTTAACGTATAGGCCGCCGAAAATACTGTGCAGCTAGGGAGTGGGAGAGGTACACGGTACTCGATAGGAAGGGGTAAAATCCTTTGATCTATTGATGACCACCTGTGGCGAAGGCGGTGTACCAGAACACGTTCGACGGTGAGGGATGAAAGCTGGGGGAGCAAACCGG","253"
"Taxa_01595","Bacteria","","Bacteroidetes","Bacteroidia","","Bacteroidales","","Porphyromonadaceae","","Petrimonas","uncultured Petrimonas sp.","TACGTAGGATCCGAGCGTTGTCCGGAATTACTGGGTGTAAAGGGCGTGTAGGTGGGTCTTTAAGTCGGGGGTGAAATCCTGCAGCTTAACTGCAGAACTGCTTCCGATACTGAAGATCTTGAGTACGGCAGAGGGAGATGGAATTCATGGTGTAGCGGTGAAATGTGTAGATATCATGAAGAACACCGGTAGCGAAGGCGGTCTCCTGGTCCGTAACTGACACTGAGGCGCGAAAGCGTGGGGAGCAAACAGG","253"
"Taxa_01682","Bacteria","","Proteobacteria","Alphaproteobacteria","","Rickettsiales","","Anaplasmataceae","","Anaplasma","uncultured Anaplasma sp.","TACGAAGGGTGCTAGCGTTGTTCGGAATTATTGGGCGTAAAGCGTACGTAGGCGGTTTGGTAAGTCGATTGTGAAATACCCGAGCTCAACTTGGGAATTGCAATCGAAACTGCCTTACTAGAGTTTAGTGGGGGATAGTGGAATTTCTAGTGTAGGGGTGAAATCCGTAGATATTAGGAGGAACATCAGTGGCGAAGGCGACTATCTACGCTAATACTGACGCTAAGGTACGAAAGCGTGGGGAGCAAACAGG","253"
"Taxa_01872","Bacteria","","","","","","","","","","","GACAGGGGATGCAAGCGTTACTCGGAATCACTGGGCGTAAAGCGTCTGTAGGTCGTTCGGTCAGTCTGGGGTGAAAGGCGGGAGCTCAACTCCCGTTCCGTCCTGGAAACTGCCGAGCTTGAGCAACTCAGAGGCACCTGGAATGCTGTGAGTAGGGGTAAAATCCGTTGATCCACAGTAGAACGCTAAAAGCGAAAGCAGGGTGCTGGGGGTTCGCTGACGCTGAGAGACGAAAGCGTGGGGAGCAAACCGG","253"
"Taxa_02091","Archaea","","","","","","","","","","","TCCCAGCAGTCCAAGTCGCAACCAACTTTATTGGGTCTAAAACATCCGTAGCTTGTTTGGTAAGTCTCTTGTGAAATTTTATATCTCAAGTATAAAGCACGCAAGAGGTACTACTAGGCTAGAGACCGGCAGGTGCGAGAAGTACATTCAAGGTAGTGGTAAAATACGTTAATCTTGGATGGACTCACAATTAGCGAAGGCATCTCGCAAGGACGGATCTGACAGTGAGGGATGAAGGCTAGGGGCGCAAAAGGG","255"
"Taxa_02188","Bacteria","","","","","","","","","","","TACGGGGGGTGCAAGCGTTGTCCGGATTTACTGGGCGTAAAGGGCGCGTAGGCGGGACGATCAGTCGGGGGTGAAATGTGCGGGCTTAACCTGCAAATTGCCTTCGATACTGTCGTTCTTGAGTGAAGAAGGGGAGAGTGGAATACCTGGTGTAGCGGTGGAATGCGCAGATATCAGGTAGAACACCGGTGGCGAAGGCGGCTCTCTGGTCTTACACTGACGCTGAGGCGCGAAAGCGTGGGTAGCAAACAGG","253"
"Taxa_02191","Bacteria","","","","","","","","","","","TACGTAGGGGGCAAGCGTTGTCCGGATTTACTGGGTGTAAAGGGCGCGCAGGTGGGCTTGATAGTTAGAGGTGAAATCCTGTGGCTTAACTGCAGAACTGCCTTTAATACTTCAAGTCTTGAGTGCGGAAGAGAGAGACGGAATTCCAGGTGTAGTGGTGAAATACGTAGATATCTGGAAGAACACCAGTTGCGAAGGCGGTCTCTTGGTCCGTAACTGACACTTAGGCGCGAAAGCGTGGGGAGCAAACAGG","253"
"Taxa_02192","Archaea","","","","","","","","","","","TCCCGGCAGTCCAAGTCGCAGCCAGCATTATTGGGTCTAAAACATCCGTAGCTTGTTTATTAAGTCTCTTGTGAAATCCTACATCTTAAGTGTGGGGCTTGCAGGAGATACTGATAAGCTAGAGACCGGAAGATGTAAGGAGTACACTTGAGGTAGTAGTAAAATACGTTAATCTTAAGTGGACTAACAATTGGCGAAGGCACCTTACAAGTACGGATCTGACAGTGAGGGATGAAGGCTAGGGGCGCAAAAGGG","255"
"",NA,NA,NA,NA,NA,NA,NA,NA,NA,NA,NA,NA,NA
"Taxa_00821","Bacteria","","Proteobacteria","Epsilonproteobacteria","","Campylobacterales","","Campylobacteraceae","","Arcobacter","","TACGGAGGGTGCAAGCGTTACTCGGAATCACTGGGCGTAAAGAGCGTGTAGGCGGGTATATAAGTCAGAAGTGAAATCCAATAGCTTAACTATTGAACTGCTTTTGAAACTGTATACCTAGAATGTGGGAGAGGTAGATGGAATTTCTGGTGTAGGGGTAAAATCCGTAGAGATCAGAAGGAATACCGATTGCGAAGGCGATCTACTGGAACATTATTGACGCTGAGACGCGAAAGCGTGGGGAGCAAACAGG","253"
"",NA,NA,NA,NA,NA,NA,NA,NA,NA,NA,NA,NA,NA
"Taxa_00014","Bacteria","","","","","","","","","","","TACGAAGGGGGCTAGCGTTGTTCGGATTTACTGGGCGTAAAGCGCACGTAGGCGGACTATTAAGTCAGGGGTGAAATCCCGGGGCTCAACCCCGGAACTGCCTTTGATACTGGTAGTCTTGAGTTCGAGAGAGGTGAGTGGAATTCCGAGTGTAGAGGTGAAATTCGTAGATATTCGGAGGAACACCAGTGGCGAAGGCGGCTCACTGGCTCGATACTGACGCTGAGGTGCGAAAGCGTGGGGAGCAAACAGG","253"
"Taxa_01141","Bacteria","","Proteobacteria","Gammaproteobacteria","","Pseudomonadales","","Moraxellaceae","","Acinetobacter","","TACAGAGGGTGCAAGCGTTAATCGGATTTACTGGGCGTAAAGCGTGCGTAGGTGGTCTTTTAAGTCGGATGTGAAATCCCTGAGCTTAACTTAGGAATTGCATTCGATACTGGGAGACTAGAGTATGGGAGAGGATGGTAGAATTCCAGGTGTAGCGGTGAAATGCGTAGAGATCTGGAGGAATACCGATGGCGAAGGCAGCCATCTGGCCTAATACTGACACTGAGGTACGAAAGCATGGGGAGCAAACAGG","253"
"Taxa_01281","Bacteria","","Actinobacteria","Actinobacteria","","Micromonosporales","","Micromonosporaceae","","Actinoplanes","","GACGTAGGGCGCGAGCGTTGTCCGGATTTATTGGGCGTAAAGAGCTCGTAGGCGGCTTGTCGCGTCGACTGTGAAAACCCGCGGCTCAACCGCGGGCCTGCATTCGATACGGGCAGGCTAGAGTTCGGTAGGGGAGACTGGAATTCCTGGTGTAGCGGTGAAATGCGCAGATATCAGGAGGAACACCGATGGCGAAGGCAGGTCTCTGGGCCGATACTGACGCTGAGGAGCGAAAGCGTGGGGAGCGAACAGG","253"
"",NA,NA,NA,NA,NA,NA,NA,NA,NA,NA,NA,NA,NA
"",NA,NA,NA,NA,NA,NA,NA,NA,NA,NA,NA,NA,NA
"Taxa_00170","Bacteria","","","","","","","","","","","TACGGAGGATGCAAGCGTTATCCGGAATGATTGGGCGTAAAGCGTCCGCAGGTGGCATTTCAAGTCTGCGGTTAAAGGTTCTGGCTCAACCAGAGACAAGCCGTGGAAACTGAAAAGCTAGAGTATGGTAGGGGCAGAGGGAATTCCCAGTGTAGCGGTGAAATGCGTAGAGATTGGGAAGAACACCGGTGGCGAAAGCGCTCTGCTAGGCCAAAACTGACACTGAGGGACGAAAGCTAGGGGAGCGAATGGG","253"
"Taxa_00177","Archaea","","Euryarchaeota","","","","","","","","","TACCGGCAGCTCGAGTGGTCGTCGCTTTTATTGGGCCTAAAACGTCCGTAGCCTGTTTGGTAAATCTGTGGGTAAATCAACCAGCTTAACTGGTTGAATTCTGCAGAGACTGCCAGACTAGGGACCGGGAGAGGTGTGGGGTACTCTAGGGGTAGGGGTAAAATCCTGTCATCCTTAGAGGACCACCAGTTGCGAAGGCGCCACACTAGAACGGATCCGACGGTCAGGGACGAAGCCTAGGGGCACGAACCGG","253"
"Taxa_00307","Bacteria","","","","","","","","","","","TACGGAGGATCCAAGCGTTATCCGGAATTATTGGGTTTAAAGGGTCCGCAGGCGGTCTATTAAGTCAGAGGTGAAATCTTGCAGCTCAACTGTAAAATTGCCTTTGATACTGGTAGACTTGAGTCATTGTGAAGTGGTTAGAATGTGTGGTGTAGCGGTGAAATGCATAGATATCACACAGAATACCGATTGCGAAGGCAGATCACTAACAATGTACTGACGCTCATGGACGAAAGCGTGGGGAGCGAACAGG","253"
"Taxa_00353","Bacteria","","Proteobacteria","Alphaproteobacteria","","Pelagibacterales","","Pelagibacteraceae","","Candidatus Pelagibacter","","TACGAAGGGACCTAGCGTAGTTCGGAATTACTGGGCTTAAAGAGTTCGTAGGTGGTTAAAAAAGTTGGTGGTGAAATCCCAGAGCTTAACTCTGGAACTGCCATCAAAACTTTTTAGCTAGAGTATGATAGAGGAAAGCAGAATTTCTAGTGTAGAGGTGAAATTCGTAGATATTAGAAAGAATACCAATTGCGAAGGCAGCTTTCTGGATCATTACTGACACTGAGGAACGAAAGCATGGGTAGCGAAGAGG","253"
"Taxa_00421","Bacteria","","Proteobacteria","Alphaproteobacteria","","Rhodobacterales","","Rhodobacteraceae","","","","TACGGAGGGGGTTAGCGTTGTTCGGAATTACTGGGCGTAAAGCGCACGTAGGCGGATTAGAAAGTTAGAGGTGAAATCCCGGGGCTCAACCCCGGAACTGCCTTTAAAACTACTAGTCTAGAGTTCGAGAGAGGTGAGTGGAATTCCGAGTGTAGAGGTGAAATTCGTAGATATTCGGAGGAACACCAGTGGCGAAGGCGGCTCACTGGCTCGATACTGACGCTGAGGTGCGAAAGTGTGGGGAGCAAACAGG","253"
"Taxa_00781","Bacteria","","Proteobacteria","Gammaproteobacteria","","Oceanospirillales","","Oceanospirillaceae","","Marinomonas","","TACAGAGGGTGCAAGCGTTAATCGGAATTACTGGGCGTAAAGCGCGCGTAGGTGGTTTGTTAAGTCGGATGTGAAAGCCCAGGGCTCAACCTTGGAATTGCACCCGATACTGGCAGGCTAGAGTACGATAGAGGAGTGTGGAATTTCCTGTGTAGCGGTGAAATGCGTAGATATAGGAAGGAACATCAGTGGCGAAGGCGACACTCTGGATTGATACTGACACTGAGGTGCGAAAGCGTGGGGAGCAAACAGG","253"
"Taxa_00866","Bacteria","","Proteobacteria","Gammaproteobacteria","","","","","","","","TACGGAGGGTGCAAGCGTTAATCGGAATTACTGGGCGTAAAGCGCGCGTAGGCGGTATGTTAAGTTGGATGTGAAAGCCCAGGGCTCAACCTTGGAACTGCATCCAAAACTGGCATGCTAGAGTATTGTAGAGGGGTGTGGAATTTCAGGTGTAGCGGTGAAATGCGTAGAGATCTGAAGGAACATCAGTGGCGAAGGCGACACCCTGGACAAATACTGACGCTGAGGTGCGAAAGCGTGGGGAGCAAACGGG","253"
"Taxa_00884","Bacteria","","Bacteroidetes","Cytophagia","","Cytophagales","","Flammeovirgaceae","","Flammeovirga","","TACGGAGGGTGCAAGCGTTGTCCGGAATTATTGGGTTTAAAGGGTGCGCAGGTGGCTTTATAAGTCAGAGGTTAAAGACCGGGGCTCAACTCCGCGTTTGCCTTTGATACTGTAAGGCTTGAAATACGTATGGGTAGGCGGAATTCCTCATGTAGCGGTGAAATGCACAGATATGAGGAGGAAGACCGAAGGCGAAGGCAGCTTACTGGGCGTTATTTGACACTGAGGCACGAAAGCGTGGGGAGCGAACAGG","253"
"Taxa_00983","Bacteria","","Actinobacteria","Acidimicrobiia","","Acidimicrobiales","","Acidimicrobiaceae","","Ilumatobacter","uncultured Ilumatobacter sp.","CACGTAGGCACCAAGCGTTGTCCGGATTTATTGGGCGTAAAGAGCTCGTAGGCGGTTCAGTAAGTCGGGTGTGAAAACTCTGGGCTCAACCCAGAGACGCCACCCGATACTGCTGTGACTAGAGTGCGGTAGGGGAGCGGGGAATTCCTAGTGTAGCGGTGAAATGCGCAGATATTAGGAGGAACACCAGTGGCGAAGGCGCCGCTCTGGGCCGTAACTGACGCTGAGGAGCGAAAGCGTGGGTAGCAAACAGG","254"
"Taxa_01087","Bacteria","","Proteobacteria","Gammaproteobacteria","","Oceanospirillales","","Halomonadaceae","","Candidatus Portiera","uncultured Candidatus Portiera sp.","TACGGATGGTGCAAGCGTTAATCGGAATTACTGGGCGTAAAGCGCGCGTAGGTGGCATATTAAGTTAGATGTGAAATCCCGAGGCTTAACCTCGGAACTGCATCTAAAACTAATAAGCTAGAGTACTAGAGAGGAAAGTAGAATTCTTAGTGTAGCGGTGGAATGCGTAGATATTAAGAGGAATACCAATGGCGAAGGCAACTTTCTGGATAGATACTGACACTGAGGTGCGAAAGCGTGGGGAGCAAACAGG","253"
"",NA,NA,NA,NA,NA,NA,NA,NA,NA,NA,NA,NA,NA
"Taxa_00384","Bacteria","","Proteobacteria","Gammaproteobacteria","","Pseudomonadales","","Pseudomonadaceae","","Pseudomonas","uncultured Pseudomonas sp.","TACGGAGGGTGCGAGCGTTAATCGGAATTACTGGGCGTAAAGCGCGCGTAGGTGGTTTGATAAGCTAGCTGTGAAAGCCCCGGGCTTAACCTGGGAACTGCAGTTAGAACTGTCTGACTAGAGTACAGTAGAGGGTGGCGGAATTTCCTGTGTAGCGGTGAAATGCGTAGATATAGGAAGGAACATCAGTGGCGAAGGCGGCCACCTGGACTGATACTGACACTGAGGTGCGAAAGCGTGGGGAGCAAACAGG","253"
"",NA,NA,NA,NA,NA,NA,NA,NA,NA,NA,NA,NA,NA
"Taxa_00115","Bacteria","","Proteobacteria","Alphaproteobacteria","","Rhizobiales","","Methylobacteriaceae","","Methylobacterium","","TACGAAGGGGGCTAGCGTTGCTCGGAATCACTGGGCGTAAAGGGCGCGTAGGCGGCCTTGTAAGTTGGGGGTGAAAGCCCGTGGCTCAACCACGGAATTGCCTTCGATACTGCTTGGCTTGAGTGTGGTAGAGGTTGGTGGAACTGCGAGTGTAGAGGTGAAATTCGTAGATATTCGCAAGAACACCGGTGGCGAAGGCGGCCAACTGGACCATCACTGACGCTGAGGCGCGAAAGCGTGGGGAGCAAACAGG","253"
"Taxa_00135","Bacteria","","","","","","","","","","","TACGAAGGGTGCAAGCGTTACTCGGAATTACTGGGCGTAAAGCGTGCGTAGGTGGTCGTTTAAGTCCGTTGTGAAAGCCCTGGGCTCAACCTGGGAACTGCAGTGGATACTGGGCGACTAGAGTGTGGTAGAGGGTAGCGGAATTCCTGGTGTAGCAGTGAAATGCGTAGAGATCAGGAGGAACATCCATGGCGAAGGCAGCTACCTGGACCAACACTGACACTGAGGCACGAAAGCGTGGGGAGCAAACAGG","253"
"Taxa_00396","Bacteria","","Proteobacteria","Gammaproteobacteria","","","","","","","","TACGGAGGGTGCGAGCGTTAATCGGAATTACTGGGCGTAAAGCGCGCGTAGGTGGTCTGTTAAGTCGGATGTGAAAGCCCCGGGCTCAACCTGGGAACTGCATCCGATACTGGCAGACTAGAGTGCGGGAGAGGGAGGTAGAATTCCATGTGTAGCGGTGAAATGCGTAGATATGTGGAGGAATACCAGTGGCGAAGGCGGCCTCCTGGCTCGACACTGACACTGAGGTGCGAAAGCGTGGGGAGCAAACAGG","253"
"Taxa_00751","Bacteria","","Proteobacteria","Alphaproteobacteria","","Rhodobacterales","","Rhodobacteraceae","","","","TACGGAGGGGGTTAGCGTTGTTCGGAATTACTGGGCGTAAAGCGCGCGTAGGCGGACCAGAAAGTTGGGGGTGAAATCCCGGGGCTCAACCCCGGAACGGCCTCCAAAACTCCTGGTCTTGAGTTCGAGAGAGGTGAGTGGAATTCCGAGTGTAGAGGTGAAATTCGTAGATATTCGGAGGAACACCAGTGGCGAAGGCGGCTCACTGGCTCGATACTGACGCTGAGGTGCGAAAGTGTGGGGAGCAAACAGG","253"
"Taxa_00759","Bacteria","","Proteobacteria","Gammaproteobacteria","","Cellvibrionales","","Halieaceae","","","","TACGGAGGGTGCGAGCGTTAATCGGAATTACTGGGCGTAAAGCGCGCGTAGGCGGTTTGTTAAGTCGGATGTGAAAGCCCCGGGCTCAACCTGGGAACTGCACCCGATACTGGCCGACTTGAGTGCGAGAGAGGGAGGTAGAATTCCATGTGTAGCGGTGAAATGCGTAGATATATGGAGGAATACCGGTGGCGAAGGCGGCCTCCTGGCTCGACACTGACGCTGAGGTGCGAAAGCGTGGGTAGCAAACAGG","253"
"Taxa_00790","Bacteria","","Actinobacteria","Acidimicrobiia","","Acidimicrobiales","","Acidimicrobiaceae","","Ilumatobacter","uncultured Ilumatobacter sp.","CACGTAGGCACCAAGCGTTGTCCGGATTTATTGGGCGTAAAGAGCTCGTAGGCGGTTCAGTTAGTCGGGTGTGAAAACTCTGGGCTCAACCCAGAGACGCCACTCGATACTGCTGTGACTAGAGTGCGGTAGGGGAGCGGGGAATTCCTAGTGTAGCGGTGAAATGCGCAGATATTAGGAGGAACACCAGTGGCGAAGGCGCCGCTCTGGGCCGTAACTGACGCTGAGGAGCGAAAGCGTGGGTAGCAAACAGG","254"
"Taxa_01192","Bacteria","","Firmicutes","Clostridia","","Clostridiales","","Clostridiaceae","","Clostridium","","TACGTAGGTGGCAAGCGTTATCCGGAATTATTGGGCGTAAAGGGAGCGTAGGCGGATATTTAAGTGGGATGTGAAATACTTGGGCTTAACCCAAGGACTGCATTCCAAACTGGATATCTAGAGTGCAGGAGAGGAGAGTGGAATTCCTAGTGTAGCGGTGAAATGCGTAGAGATTAGGAAGAACACCAGTGGCGAAGGCGACTCTCTGGACTGTAACTGACGCTGAGGCTCGAAAGCGTGGGGAGCGAACAGG","253"
"Taxa_02725","Bacteria","","","","","","","","","","","TACGGAGGGTCCAAGCGTTATCCGGATTTATTGGGTTTAAAGGGTCCGTAGGCGGTTTTCTAAGTCAGTGGTGAAAGCCTGCAGCTTAACTGTAGAATTGCCATTGATACTGGAGAACTTGAATTCGGTTGAAGTGGGCGGAATACGGCATGTAGCGGTGAAATGCATAGATATGCCGTAGAACGTCAATTGCGAAGGCAGCTCACTAAACCGACATTGACGCTGAGGGACGAAAGCGTGGGTAGCGAACAGG","253"
