"","Sample_ID","Sample_Name","Sample_Name2","I7_Index_ID","index","I5_Index_ID","index2","Sample_Project","Description","Site","Method","sample_nc","water_vol"
"S001","RMR-032-S053","ProSTD40000-01","S001","U711","GCATGCAT","D501","TATAGCCT","DNAextraction_test","ML1","lake","NoBeads","sample",20
"S002","RMR-032-S054","ProSTD40000-02","S002","U711","GCATGCAT","D502","ATAGAGGC","DNAextraction_test","ML2","lake","NoBeads","sample",20
"S003","RMR-032-S055","ProSTD40000-03","S003","U711","GCATGCAT","D503","CCTATCCT","DNAextraction_test","ML3","lake","NoBeads","sample",20
"S004","RMR-032-S056","ProSTD40000-04","S004","U711","GCATGCAT","D504","GGCTCTGA","DNAextraction_test","ML4","lake","NoBeads","sample",20
"S005","RMR-032-S057","ProSTD40000-05","S005","U711","GCATGCAT","D505","AGGCGAAG","DNAextraction_test","ML5","lake","NoBeads","sample",20
"S006","RMR-032-S058","ProSTD40000-06","S006","U711","GCATGCAT","D506","TAATCTTA","DNAextraction_test","ML0","lake","NoBeads","field_nc",20
"S007","RMR-032-S059","ProSTD40000-07","S007","U711","GCATGCAT","D507","CAGGACGT","DNAextraction_test","BL1","lake","Beads","sample",20
"S008","RMR-032-S060","ProSTD40000-08","S008","U711","GCATGCAT","D508","GTACTGAC","DNAextraction_test","BL2","lake","Beads","sample",20
"S009","RMR-032-S061","ProSTD40000-09","S009","U712","GCCGTAAT","D501","TATAGCCT","DNAextraction_test","BL3","lake","Beads","sample",20
"S010","RMR-032-S062","ProSTD40000-10","S010","U712","GCCGTAAT","D502","ATAGAGGC","DNAextraction_test","BL4","lake","Beads","sample",20
"S011","RMR-032-S063","ProSTD40000-11","S011","U712","GCCGTAAT","D503","CCTATCCT","DNAextraction_test","BL5","lake","Beads","sample",20
"S012","RMR-032-S064","ProSTD40000-12","S012","U712","GCCGTAAT","D504","GGCTCTGA","DNAextraction_test","BL0","lake","Beads","field_nc",20
"S013","RMR-032-S065","ProSTD40000-13","S013","U712","GCCGTAAT","D505","AGGCGAAG","DNAextraction_test","DL1","lake","PowerSoil","sample",20
"S014","RMR-032-S066","ProSTD40000-14","S014","U712","GCCGTAAT","D506","TAATCTTA","DNAextraction_test","DL2","lake","PowerSoil","sample",20
"S015","RMR-032-S067","ProSTD40000-15","S015","U712","GCCGTAAT","D507","CAGGACGT","DNAextraction_test","DL3","lake","PowerSoil","sample",20
"S016","RMR-032-S068","ProSTD40000-16","S016","U712","GCCGTAAT","D508","GTACTGAC","DNAextraction_test","DL4","lake","PowerSoil","sample",20
"S017","RMR-032-S069","ProSTD40000-17","S017","U713","CTAGGTTG","D501","TATAGCCT","DNAextraction_test","DL5","lake","PowerSoil","sample",20
"S018","RMR-032-S070","ProSTD40000-18","S018","U713","CTAGGTTG","D502","ATAGAGGC","DNAextraction_test","DL0","lake","PowerSoil","field_nc",20
"S019","RMR-032-S071","ProSTD40000-19","S019","U713","CTAGGTTG","D503","CCTATCCT","DNAextraction_test","MR1","river","NoBeads","sample",30
"S020","RMR-032-S072","ProSTD40000-20","S020","U713","CTAGGTTG","D504","GGCTCTGA","DNAextraction_test","MR2","river","NoBeads","sample",30
"S021","RMR-032-S073","ProSTD40000-21","S021","U713","CTAGGTTG","D505","AGGCGAAG","DNAextraction_test","MR3","river","NoBeads","sample",30
"S022","RMR-032-S074","ProSTD40000-22","S022","U713","CTAGGTTG","D506","TAATCTTA","DNAextraction_test","MR4","river","NoBeads","sample",30
"S023","RMR-032-S075","ProSTD40000-23","S023","U713","CTAGGTTG","D507","CAGGACGT","DNAextraction_test","MR5","river","NoBeads","sample",30
"S024","RMR-032-S076","ProSTD40000-24","S024","U713","CTAGGTTG","D508","GTACTGAC","DNAextraction_test","MR0","river","NoBeads","field_nc",20
"S025","RMR-032-S077","ProSTD40000-25","S025","U714","GACTTGTG","D501","TATAGCCT","DNAextraction_test","BR1","river","Beads","sample",30
"S026","RMR-032-S078","ProSTD40000-26","S026","U714","GACTTGTG","D502","ATAGAGGC","DNAextraction_test","BR2","river","Beads","sample",30
"S027","RMR-032-S079","ProSTD40000-27","S027","U714","GACTTGTG","D503","CCTATCCT","DNAextraction_test","BR3","river","Beads","sample",30
"S028","RMR-032-S080","ProSTD40000-28","S028","U714","GACTTGTG","D504","GGCTCTGA","DNAextraction_test","BR4","river","Beads","sample",30
"S029","RMR-032-S081","ProSTD40000-29","S029","U714","GACTTGTG","D505","AGGCGAAG","DNAextraction_test","BR5","river","Beads","sample",30
"S030","RMR-032-S082","ProSTD40000-30","S030","U714","GACTTGTG","D506","TAATCTTA","DNAextraction_test","BR0","river","Beads","field_nc",20
"S031","RMR-032-S083","ProSTD40000-31","S031","U714","GACTTGTG","D507","CAGGACGT","DNAextraction_test","DR1","river","PowerSoil","sample",30
"S032","RMR-032-S084","ProSTD40000-32","S032","U714","GACTTGTG","D508","GTACTGAC","DNAextraction_test","DR2","river","PowerSoil","sample",30
"S033","RMR-032-S085","ProSTD40000-33","S033","U715","CACTAGTG","D501","TATAGCCT","DNAextraction_test","DR3","river","PowerSoil","sample",30
"S034","RMR-032-S086","ProSTD40000-34","S034","U715","CACTAGTG","D502","ATAGAGGC","DNAextraction_test","DR4","river","PowerSoil","sample",30
"S035","RMR-032-S087","ProSTD40000-35","S035","U715","CACTAGTG","D503","CCTATCCT","DNAextraction_test","DR5","river","PowerSoil","sample",30
"S036","RMR-032-S088","ProSTD40000-36","S036","U715","CACTAGTG","D504","GGCTCTGA","DNAextraction_test","DR0","river","PowerSoil","field_nc",20
"S037","RMR-032-S089","ProSTD40000-37","S037","U715","CACTAGTG","D505","AGGCGAAG","DNAextraction_test","NCw/STD-1",NA,NA,"std_nc",NA
"S038","RMR-032-S090","ProSTD40000-38","S038","U715","CACTAGTG","D506","TAATCTTA","DNAextraction_test","NCw/STD-2",NA,NA,"std_nc",NA
"R001","RMR-121-S577","ProSTD40000-01","R001","U718","GAGACACA","D507","CAGGACGT","DNAextraction_test","MS1","sea","NoBeads","sample",100
"R002","RMR-121-S578","ProSTD40000-02","R002","U718","GAGACACA","D508","GTACTGAC","DNAextraction_test","MS2","sea","NoBeads","sample",100
"R003","RMR-121-S579","ProSTD40000-03","R003","U719","AACCGGAA","D501","TATAGCCT","DNAextraction_test","MS3","sea","NoBeads","sample",100
"R004","RMR-121-S580","ProSTD40000-04","R004","U719","AACCGGAA","D502","ATAGAGGC","DNAextraction_test","MS4","sea","NoBeads","sample",100
"R005","RMR-121-S581","ProSTD40000-05","R005","U719","AACCGGAA","D503","CCTATCCT","DNAextraction_test","MS5","sea","NoBeads","sample",100
"R006","RMR-121-S582","ProSTD40000-06","R006","U719","AACCGGAA","D504","GGCTCTGA","DNAextraction_test","MS0","sea","NoBeads","field_nc",100
"R007","RMR-121-S583","ProSTD40000-07","R007","U720","CGAACGAA","D503","CCTATCCT","DNAextraction_test","BS1","sea","Beads","sample",100
"R008","RMR-121-S584","ProSTD40000-08","R008","U720","CGAACGAA","D504","GGCTCTGA","DNAextraction_test","BS2","sea","Beads","sample",100
"R009","RMR-121-S585","ProSTD40000-09","R009","U720","CGAACGAA","D505","AGGCGAAG","DNAextraction_test","BS3","sea","Beads","sample",100
"R010","RMR-121-S586","ProSTD40000-10","R010","U720","CGAACGAA","D506","TAATCTTA","DNAextraction_test","BS4","sea","Beads","sample",100
"R011","RMR-121-S587","ProSTD40000-11","R011","U720","CGAACGAA","D507","CAGGACGT","DNAextraction_test","BS5","sea","Beads","sample",100
"R012","RMR-121-S588","ProSTD40000-12","R012","U720","CGAACGAA","D508","GTACTGAC","DNAextraction_test","BS0","sea","Beads","field_nc",100
"R013","RMR-121-S589","ProSTD40000-13","R013","U721","CTTGGTTC","D507","CAGGACGT","DNAextraction_test","DS1","sea","PowerSoil","sample",100
"R014","RMR-121-S590","ProSTD40000-14","R014","U721","CTTGGTTC","D508","GTACTGAC","DNAextraction_test","DS2","sea","PowerSoil","sample",100
"R015","RMR-121-S591","ProSTD40000-15","R015","U722","CATCGTTC","D501","TATAGCCT","DNAextraction_test","DS3","sea","PowerSoil","sample",100
"R016","RMR-121-S592","ProSTD40000-16","R016","U722","CATCGTTC","D502","ATAGAGGC","DNAextraction_test","DS4","sea","PowerSoil","sample",100
"R017","RMR-121-S593","ProSTD40000-17","R017","U722","CATCGTTC","D503","CCTATCCT","DNAextraction_test","DS5","sea","PowerSoil","sample",100
"R018","RMR-121-S594","ProSTD40000-18","R018","U722","CATCGTTC","D504","GGCTCTGA","DNAextraction_test","DS0","sea","PowerSoil","field_nc",100
"R019","RMR-121-S595","ProSTD40000-19","R019","U718","GAGACACA","D501","TATAGCCT","DNAextraction_test","MP1","pond","NoBeads","sample",100
"R020","RMR-121-S596","ProSTD40000-20","R020","U718","GAGACACA","D502","ATAGAGGC","DNAextraction_test","MP2","pond","NoBeads","sample",100
"R021","RMR-121-S597","ProSTD40000-21","R021","U718","GAGACACA","D503","CCTATCCT","DNAextraction_test","MP3","pond","NoBeads","sample",100
"R022","RMR-121-S598","ProSTD40000-22","R022","U718","GAGACACA","D504","GGCTCTGA","DNAextraction_test","MP4","pond","NoBeads","sample",100
"R023","RMR-121-S599","ProSTD40000-23","R023","U718","GAGACACA","D505","AGGCGAAG","DNAextraction_test","MP5","pond","NoBeads","sample",100
"R024","RMR-121-S600","ProSTD40000-24","R024","U718","GAGACACA","D506","TAATCTTA","DNAextraction_test","MP0","pond","NoBeads","field_nc",100
"R025","RMR-121-S601","ProSTD40000-25","R025","U719","AACCGGAA","D505","AGGCGAAG","DNAextraction_test","BP1","pond","Beads","sample",100
"R026","RMR-121-S602","ProSTD40000-26","R026","U719","AACCGGAA","D506","TAATCTTA","DNAextraction_test","BP2","pond","Beads","sample",100
"R027","RMR-121-S603","ProSTD40000-27","R027","U719","AACCGGAA","D507","CAGGACGT","DNAextraction_test","BP3","pond","Beads","sample",100
"R028","RMR-121-S604","ProSTD40000-28","R028","U719","AACCGGAA","D508","GTACTGAC","DNAextraction_test","BP4","pond","Beads","sample",100
"R029","RMR-121-S605","ProSTD40000-29","R029","U720","CGAACGAA","D501","TATAGCCT","DNAextraction_test","BP5","pond","Beads","sample",100
"R030","RMR-121-S606","ProSTD40000-30","R030","U720","CGAACGAA","D502","ATAGAGGC","DNAextraction_test","BP0","pond","Beads","field_nc",100
"R031","RMR-121-S607","ProSTD40000-31","R031","U721","CTTGGTTC","D501","TATAGCCT","DNAextraction_test","DP1","pond","PowerSoil","sample",100
"R032","RMR-121-S608","ProSTD40000-32","R032","U721","CTTGGTTC","D502","ATAGAGGC","DNAextraction_test","DP2","pond","PowerSoil","sample",100
"R033","RMR-121-S609","ProSTD40000-33","R033","U721","CTTGGTTC","D503","CCTATCCT","DNAextraction_test","DP3","pond","PowerSoil","sample",100
"R034","RMR-121-S610","ProSTD40000-34","R034","U721","CTTGGTTC","D504","GGCTCTGA","DNAextraction_test","DP4","pond","PowerSoil","sample",100
"R035","RMR-121-S611","ProSTD40000-35","R035","U721","CTTGGTTC","D505","AGGCGAAG","DNAextraction_test","DP5","pond","PowerSoil","sample",100
"R036","RMR-121-S612","ProSTD40000-36","R036","U721","CTTGGTTC","D506","TAATCTTA","DNAextraction_test","DP0","pond","PowerSoil","field_nc",100
"R037","RMR-121-S613","ProSTD40000-37","R037","U722","CATCGTTC","D505","AGGCGAAG","DNAextraction_test","NCw/STD-1",NA,NA,"std_nc",NA
"R038","RMR-121-S614","ProSTD40000-38","R038","U722","CATCGTTC","D506","TAATCTTA","DNAextraction_test","NCw/STD-2",NA,NA,"std_nc",NA
